{
    "id": {
        "id": 3,
        "name": "普通单位",
        "basic_hp": 3.5999999046325684,
        "basic_pow": 2.759999990463257,
        "basic_rate": 0.41999998688697815,
        "basic_speed": 1.0,
        "basic_hit": 0.41999998688697815,
        "basic_dodge": 0.5699999928474426,
        "basic_armor": 0.14000000059604645,
        "mp_fix_ratio": 4.5,
        "part_fix_ratio": 1.5,
        "fix_time_ratio": 0.6000000238418579,
        "skill_advance_lv": 4,
        "pic_advance_lv": -1,
        "daily_successr": 10000,
        "author_successr": 10000,
        "default_advance_lv": 1,
        "exchange_num": "513:100",
        "repair_cost": 1,
        "trans_num": "606:50,606:50",
        "skills_max_lv": "0,0,0,5"
    }
}